{"accuracy": [0.617048442363739, 0.873571515083313, 0.9226588010787964, 0.9462985396385193, 0.9605329632759094, 0.9678903818130493, 0.9742490649223328, 0.9788506031036377, 0.981758177280426, 0.9837555885314941], "loss": [1.2952394485473633, 0.39999526739120483, 0.24011097848415375, 0.16560570895671844, 0.12034573405981064, 0.09799536317586899, 0.07689265161752701, 0.06568866968154907, 0.05704730376601219, 0.051169853657484055], "val_accuracy": [0.8198838829994202, 0.9019463062286377, 0.9223765134811401, 0.9434327483177185, 0.9569200873374939, 0.9426929354667664, 0.9623833298683167, 0.9498634338378906, 0.9659116864204407, 0.9727407097816467], "val_loss": [0.5739388465881348, 0.3083336651325226, 0.2446320503950119, 0.17489127814769745, 0.1376352310180664, 0.21132399141788483, 0.13108183443546295, 0.1650642305612564, 0.11126354336738586, 0.09413732588291168]}